{
	"credit": "Made with Blockbench",
	"ambientocclusion": false,
	"textures": {
		"1": "block/lily_pad/flower_lilypad",
		"particle": "block/lily_pad/medium_lilypad",
		"texture": "block/lily_pad/medium_lilypad"
	},
	"elements": [
		{
			"from": [7, 0.25, 4.5],
			"to": [15, 0.25, 13.5],
			"shade": false,
			"rotation": {"angle": 45, "axis": "y", "origin": [10, 0.25, 9.5]},
			"faces": {
				"north": {"uv": [0, 0, 8, 9], "texture": "#texture", "tintindex": 0},
				"east": {"uv": [0, 0, 8, 9], "texture": "#texture", "tintindex": 0},
				"south": {"uv": [0, 0, 8, 9], "texture": "#texture", "tintindex": 0},
				"west": {"uv": [0, 0, 8, 9], "texture": "#texture", "tintindex": 0},
				"up": {"uv": [0, 0, 8, 9], "texture": "#texture", "tintindex": 0},
				"down": {"uv": [0, 9, 8, 0], "texture": "#texture", "tintindex": 0}
			}
		},
		{
			"from": [8, 0.5, 8],
			"to": [9, 1, 9],
			"shade": false,
			"rotation": {"angle": 0, "axis": "y", "origin": [8.56549, 0.69265, 8.5]},
			"faces": {
				"north": {"uv": [2, 0, 4, 0.5], "texture": "#1"},
				"east": {"uv": [2, 0, 4, 0.5], "texture": "#1"},
				"south": {"uv": [2, 0, 4, 0.5], "texture": "#1"},
				"west": {"uv": [2, 0, 4, 0.5], "texture": "#1"},
				"up": {"uv": [2, 0, 4, 2], "texture": "#1"},
				"down": {"uv": [2, 0, 4, 2], "texture": "#1"}
			}
		},
		{
			"from": [6.07078, 0.55264, 7.5],
			"to": [8.07078, 0.55264, 9.5],
			"shade": false,
			"rotation": {"angle": -22.5, "axis": "z", "origin": [8.56549, 0.69265, 8.5]},
			"faces": {
				"north": {"uv": [0, 5, 3, 2], "texture": "#1"},
				"east": {"uv": [0, 5, 3, 2], "texture": "#1"},
				"south": {"uv": [0, 5, 3, 2], "texture": "#1"},
				"west": {"uv": [0, 5, 3, 2], "texture": "#1"},
				"up": {"uv": [0, 8, 3, 5], "texture": "#1"},
				"down": {"uv": [0, 5, 3, 2], "texture": "#1"}
			}
		},
		{
			"from": [8.84148, 0.58427, 7.5],
			"to": [10.84148, 0.58427, 9.5],
			"shade": false,
			"rotation": {"angle": 22.5, "axis": "z", "origin": [8.56549, 0.69265, 8.5]},
			"faces": {
				"north": {"uv": [3, 5, 6, 2], "texture": "#1"},
				"east": {"uv": [3, 5, 6, 2], "texture": "#1"},
				"south": {"uv": [3, 5, 6, 2], "texture": "#1"},
				"west": {"uv": [3, 5, 6, 2], "texture": "#1"},
				"up": {"uv": [3, 8, 6, 5], "texture": "#1"},
				"down": {"uv": [3, 5, 6, 2], "texture": "#1"}
			}
		},
		{
			"from": [7.47717, 0.50428, 8.83846],
			"to": [9.47717, 0.50428, 10.83846],
			"shade": false,
			"rotation": {"angle": -22.5, "axis": "x", "origin": [8.56549, 0.69265, 8.5]},
			"faces": {
				"north": {"uv": [6, 2, 3, 5], "rotation": 270, "texture": "#1"},
				"east": {"uv": [6, 2, 3, 5], "rotation": 270, "texture": "#1"},
				"south": {"uv": [6, 2, 3, 5], "rotation": 270, "texture": "#1"},
				"west": {"uv": [6, 2, 3, 5], "rotation": 270, "texture": "#1"},
				"up": {"uv": [6, 2, 3, 5], "rotation": 270, "texture": "#1"},
				"down": {"uv": [6, 2, 3, 5], "rotation": 270, "texture": "#1"}
			}
		},
		{
			"from": [7.47717, 0.50428, 6.16154],
			"to": [9.47717, 0.50428, 8.16154],
			"shade": false,
			"rotation": {"angle": 22.5, "axis": "x", "origin": [8.56549, 0.69265, 8.5]},
			"faces": {
				"north": {"uv": [3, 2, 0, 5], "rotation": 270, "texture": "#1"},
				"east": {"uv": [3, 2, 0, 5], "rotation": 270, "texture": "#1"},
				"south": {"uv": [3, 2, 0, 5], "rotation": 270, "texture": "#1"},
				"west": {"uv": [3, 2, 0, 5], "rotation": 270, "texture": "#1"},
				"up": {"uv": [3, 2, 0, 5], "rotation": 270, "texture": "#1"},
				"down": {"uv": [3, 2, 0, 5], "rotation": 270, "texture": "#1"}
			}
		}
	],
	"groups": [
		0,
		{
			"name": "group",
			"origin": [6, 0.75, 6],
			"color": 0,
			"shade": false,
			"children": [1, 2, 3, 4, 5]
		}
	]
}