{
	"credit": "Made with Blockbench",
	"ambientocclusion": false,
	"textures": {
		"particle": "block/beetroots_stage1",
		"crop": "block/beetroots_stage1"
	},
	"elements": [
		{
			"from": [2.5, -1, 2.5],
			"to": [5.5, 1, 5.5],
			"shade": false,
			"rotation": {"angle": 0, "axis": "y", "origin": [-0.5, 0, -0.5]},
			"faces": {
				"north": {"uv": [0, 14, 3, 16], "texture": "#crop"},
				"east": {"uv": [0, 14, 3, 16], "texture": "#crop"},
				"south": {"uv": [0, 14, 3, 16], "texture": "#crop"},
				"west": {"uv": [0, 14, 3, 16], "texture": "#crop"},
				"up": {"uv": [0, 11, 3, 14], "texture": "#crop"},
				"down": {"uv": [0, 14, 3, 16], "texture": "#crop"}
			}
		},
		{
			"from": [3.5, -1, 10.5],
			"to": [6.5, 1, 13.5],
			"shade": false,
			"rotation": {"angle": 0, "axis": "y", "origin": [0.5, 0, 0.5]},
			"faces": {
				"north": {"uv": [0, 14, 3, 16], "texture": "#crop"},
				"east": {"uv": [0, 14, 3, 16], "texture": "#crop"},
				"south": {"uv": [0, 14, 3, 16], "texture": "#crop"},
				"west": {"uv": [0, 14, 3, 16], "texture": "#crop"},
				"up": {"uv": [0, 11, 3, 14], "texture": "#crop"},
				"down": {"uv": [0, 14, 3, 16], "texture": "#crop"}
			}
		},
		{
			"from": [9.5, -1, 9.5],
			"to": [12.5, 1, 12.5],
			"shade": false,
			"rotation": {"angle": 0, "axis": "y", "origin": [-0.5, 0, -0.5]},
			"faces": {
				"north": {"uv": [0, 14, 3, 16], "texture": "#crop"},
				"east": {"uv": [0, 14, 3, 16], "texture": "#crop"},
				"south": {"uv": [0, 14, 3, 16], "texture": "#crop"},
				"west": {"uv": [0, 14, 3, 16], "texture": "#crop"},
				"up": {"uv": [0, 11, 3, 14], "texture": "#crop"},
				"down": {"uv": [0, 14, 3, 16], "texture": "#crop"}
			}
		},
		{
			"from": [10.5, -1, 3.5],
			"to": [13.5, 1, 6.5],
			"shade": false,
			"rotation": {"angle": 0, "axis": "y", "origin": [0.5, 0, 0.5]},
			"faces": {
				"north": {"uv": [0, 14, 3, 16], "texture": "#crop"},
				"east": {"uv": [0, 14, 3, 16], "texture": "#crop"},
				"south": {"uv": [0, 14, 3, 16], "texture": "#crop"},
				"west": {"uv": [0, 14, 3, 16], "texture": "#crop"},
				"up": {"uv": [0, 11, 3, 14], "texture": "#crop"},
				"down": {"uv": [0, 14, 3, 16], "texture": "#crop"}
			}
		},
		{
			"from": [-0.5, 1, 3.5],
			"to": [7.5, 13, 3.5],
			"shade": false,
			"rotation": {"angle": 45, "axis": "y", "origin": [4, 6.5, 2.5]},
			"faces": {
				"north": {"uv": [4, 0, 12, 12], "texture": "#crop"},
				"east": {"uv": [4, 0, 12, 12], "texture": "#crop"},
				"south": {"uv": [12, 0, 4, 12], "texture": "#crop"},
				"west": {"uv": [4, 0, 12, 12], "texture": "#crop"},
				"up": {"uv": [4, 0, 12, 12], "texture": "#crop"},
				"down": {"uv": [4, 0, 12, 12], "texture": "#crop"}
			}
		},
		{
			"from": [8.85355, 1, 5.06066],
			"to": [16.85355, 13, 5.06066],
			"shade": false,
			"rotation": {"angle": -45, "axis": "y", "origin": [12.35355, 7, 4.56066]},
			"faces": {
				"north": {"uv": [4, 0, 12, 12], "texture": "#crop"},
				"east": {"uv": [4, 0, 12, 12], "texture": "#crop"},
				"south": {"uv": [12, 0, 4, 12], "texture": "#crop"},
				"west": {"uv": [4, 0, 12, 12], "texture": "#crop"},
				"up": {"uv": [4, 0, 12, 12], "texture": "#crop"},
				"down": {"uv": [4, 0, 12, 12], "texture": "#crop"}
			}
		},
		{
			"from": [11.35355, 1, 7.26777],
			"to": [11.35355, 13, 15.26777],
			"shade": false,
			"rotation": {"angle": -45, "axis": "y", "origin": [11.35355, 7, 11.26777]},
			"faces": {
				"north": {"uv": [4, 0, 12, 12], "texture": "#crop"},
				"east": {"uv": [4, 0, 12, 12], "texture": "#crop"},
				"south": {"uv": [4, 0, 12, 12], "texture": "#crop"},
				"west": {"uv": [12, 0, 4, 12], "texture": "#crop"},
				"up": {"uv": [4, 0, 12, 12], "rotation": 90, "texture": "#crop"},
				"down": {"uv": [4, 0, 12, 12], "rotation": 270, "texture": "#crop"}
			}
		},
		{
			"from": [4.35355, 1, 7.56066],
			"to": [4.35355, 13, 15.56066],
			"shade": false,
			"rotation": {"angle": 45, "axis": "y", "origin": [5.35355, 7, 11.56066]},
			"faces": {
				"north": {"uv": [4, 0, 12, 12], "texture": "#crop"},
				"east": {"uv": [12, 0, 4, 12], "texture": "#crop"},
				"south": {"uv": [4, 0, 12, 12], "texture": "#crop"},
				"west": {"uv": [4, 0, 12, 12], "texture": "#crop"},
				"up": {"uv": [4, 0, 12, 12], "texture": "#crop"},
				"down": {"uv": [4, 0, 12, 12], "texture": "#crop"}
			}
		}
	]
}