{
	"credit": "Made with Blockbench",
	"parent": "minecraft:block/cross",
	"ambientocclusion": false,
	"texture_size": [64, 64],
	"textures": {
		"0": "block/blue_orchid_model",
		"particle": "block/blue_orchid_model"
	},
	"elements": [
		{
			"from": [9.98688, 5.9245, 0.90063],
			"to": [12.87688, 5.9245, 3.79063],
			"shade": false,
			"rotation": {"angle": -22.5, "axis": "x", "origin": [11.25125, 6.03287, 5.47125]},
			"faces": {
				"north": {"uv": [5, 0.25, 5.75, 1], "texture": "#0"},
				"east": {"uv": [5, 0.25, 5.75, 1], "texture": "#0"},
				"south": {"uv": [5, 0.25, 5.75, 1], "texture": "#0"},
				"west": {"uv": [5, 0.25, 5.75, 1], "texture": "#0"},
				"up": {"uv": [5, 0.25, 6, 1.25], "texture": "#0"},
				"down": {"uv": [5, 0.25, 6, 1.25], "texture": "#0"}
			}
		},
		{
			"from": [8.48769, 6.50137, 5.31466],
			"to": [11.37769, 6.50137, 8.20466],
			"shade": false,
			"rotation": {"angle": -22.5, "axis": "y", "origin": [9.21019, 6.50137, 7.25966]},
			"faces": {
				"north": {"uv": [5, 0.25, 5.75, 1], "texture": "#0"},
				"east": {"uv": [5, 0.25, 5.75, 1], "texture": "#0"},
				"south": {"uv": [5, 0.25, 5.75, 1], "texture": "#0"},
				"west": {"uv": [5, 0.25, 5.75, 1], "texture": "#0"},
				"up": {"uv": [5, 0.25, 6, 1.25], "texture": "#0"},
				"down": {"uv": [5, 0.25, 6, 1.25], "texture": "#0"}
			}
		},
		{
			"from": [4.02831, 6.55555, 9.96904],
			"to": [6.91831, 6.55555, 12.85904],
			"shade": false,
			"rotation": {"angle": -22.5, "axis": "y", "origin": [7.46019, 6.32074, 7.25966]},
			"faces": {
				"north": {"uv": [5, 0.25, 5.75, 1], "texture": "#0"},
				"east": {"uv": [5, 0.25, 5.75, 1], "texture": "#0"},
				"south": {"uv": [5, 0.25, 5.75, 1], "texture": "#0"},
				"west": {"uv": [5, 0.25, 5.75, 1], "texture": "#0"},
				"up": {"uv": [5, 0.25, 6, 1.25], "texture": "#0"},
				"down": {"uv": [5, 0.25, 6, 1.25], "texture": "#0"}
			}
		},
		{
			"from": [3.79144, 5.11055, 4.38404],
			"to": [6.68144, 5.11055, 7.27404],
			"shade": false,
			"rotation": {"angle": -22.5, "axis": "y", "origin": [9.21019, 6.32074, 6.00966]},
			"faces": {
				"north": {"uv": [5, 0.25, 5.75, 1], "texture": "#0"},
				"east": {"uv": [5, 0.25, 5.75, 1], "texture": "#0"},
				"south": {"uv": [5, 0.25, 5.75, 1], "texture": "#0"},
				"west": {"uv": [5, 0.25, 5.75, 1], "texture": "#0"},
				"up": {"uv": [5, 0.25, 6, 1.25], "texture": "#0"},
				"down": {"uv": [5, 0.25, 6, 1.25], "texture": "#0"}
			}
		},
		{
			"from": [5.8325, 8.52437, 7.0971],
			"to": [8.7225, 8.52437, 9.9871],
			"shade": false,
			"rotation": {"angle": 22.5, "axis": "y", "origin": [7.2775, 6.50137, 8.5421]},
			"faces": {
				"north": {"uv": [5, 0.25, 5.75, 1], "texture": "#0"},
				"east": {"uv": [5, 0.25, 5.75, 1], "texture": "#0"},
				"south": {"uv": [5, 0.25, 5.75, 1], "texture": "#0"},
				"west": {"uv": [5, 0.25, 5.75, 1], "texture": "#0"},
				"up": {"uv": [5, 0.25, 6, 1.25], "texture": "#0"},
				"down": {"uv": [5, 0.25, 6, 1.25], "texture": "#0"}
			}
		},
		{
			"from": [11.16094, 4.99381, 10.53149],
			"to": [14.05094, 4.99381, 13.42149],
			"shade": false,
			"rotation": {"angle": -22.5, "axis": "z", "origin": [11.43188, 4.63256, 10.97649]},
			"faces": {
				"north": {"uv": [5, 0.25, 5.75, 1], "texture": "#0"},
				"east": {"uv": [5, 0.25, 5.75, 1], "texture": "#0"},
				"south": {"uv": [5, 0.25, 5.75, 1], "texture": "#0"},
				"west": {"uv": [5, 0.25, 5.75, 1], "texture": "#0"},
				"up": {"uv": [5, 0.25, 6, 1.25], "texture": "#0"},
				"down": {"uv": [5, 0.25, 6, 1.25], "texture": "#0"}
			}
		},
		{
			"from": [1.85875, -0.18062, 5.66625],
			"to": [4.74875, 5.0575, 5.66625],
			"shade": false,
			"rotation": {"angle": 45, "axis": "y", "origin": [2.9425, 0.7225, 2.415]},
			"faces": {
				"north": {"uv": [1, 0.25, 2, 2.0625], "texture": "#0"},
				"east": {"uv": [1, 0.25, 2, 2.0625], "texture": "#0"},
				"south": {"uv": [2, 0.25, 1, 2.0625], "texture": "#0"},
				"west": {"uv": [1, 0.25, 2, 2.0625], "texture": "#0"},
				"up": {"uv": [1, 0.25, 2, 2.0625], "texture": "#0"},
				"down": {"uv": [1, 0.25, 2, 2.0625], "texture": "#0"}
			}
		},
		{
			"from": [6.14837, 0, 8.13524],
			"to": [9.03837, 8.48937, 8.13524],
			"shade": false,
			"rotation": {"angle": 22.5, "axis": "y", "origin": [7.41274, 4.15438, 8.13524]},
			"faces": {
				"north": {"uv": [2, 2.25, 1, 5.1875], "texture": "#0"},
				"east": {"uv": [1, 2.25, 2, 5.1875], "texture": "#0"},
				"south": {"uv": [1, 2.25, 2, 5.1875], "texture": "#0"},
				"west": {"uv": [1, 2.25, 2, 5.1875], "texture": "#0"},
				"up": {"uv": [1, 2.25, 2, 5.1875], "texture": "#0"},
				"down": {"uv": [1, 2.25, 2, 5.1875], "texture": "#0"}
			}
		},
		{
			"from": [2.30192, -0.18062, 8.95979],
			"to": [2.30192, 6.5025, 11.84979],
			"shade": false,
			"rotation": {"angle": 22.5, "axis": "y", "origin": [3.74692, 2.43844, 5.70854]},
			"faces": {
				"north": {"uv": [0, 2.25, 1, 4.5625], "texture": "#0"},
				"east": {"uv": [1, 2.25, 0, 4.5625], "texture": "#0"},
				"south": {"uv": [0, 2.25, 1, 4.5625], "texture": "#0"},
				"west": {"uv": [0, 2.25, 1, 4.5625], "texture": "#0"},
				"up": {"uv": [0, 2.25, 1, 4.5625], "texture": "#0"},
				"down": {"uv": [0, 2.25, 1, 4.5625], "texture": "#0"}
			}
		},
		{
			"from": [9.81854, -0.289, 3.78988],
			"to": [12.70854, 5.67163, 3.78988],
			"shade": false,
			"rotation": {"angle": -22.5, "axis": "x", "origin": [11.26354, 2.98031, 5.47051]},
			"faces": {
				"north": {"uv": [0, 0, 1, 2.0625], "texture": "#0"},
				"east": {"uv": [0, 0, 1, 2.0625], "texture": "#0"},
				"south": {"uv": [1, 0, 0, 2.0625], "texture": "#0"},
				"west": {"uv": [0, 0, 1, 2.0625], "texture": "#0"},
				"up": {"uv": [0, 0, 1, 2.0625], "texture": "#0"},
				"down": {"uv": [0, 0, 1, 2.0625], "texture": "#0"}
			}
		},
		{
			"from": [10.10689, -0.18062, 5.16072],
			"to": [10.10689, 6.5025, 8.05072],
			"shade": false,
			"rotation": {"angle": -22.5, "axis": "y", "origin": [9.20377, 2.79969, 7.10572]},
			"faces": {
				"north": {"uv": [0, 2.25, 1, 4.5625], "texture": "#0"},
				"east": {"uv": [0, 2.25, 1, 4.5625], "texture": "#0"},
				"south": {"uv": [0, 2.25, 1, 4.5625], "texture": "#0"},
				"west": {"uv": [1, 2.25, 0, 4.5625], "texture": "#0"},
				"up": {"uv": [0, 2.25, 1, 4.5625], "texture": "#0"},
				"down": {"uv": [0, 2.25, 1, 4.5625], "texture": "#0"}
			}
		},
		{
			"from": [11.70123, 0, 10.32126],
			"to": [11.70123, 4.69625, 13.21126],
			"shade": false,
			"rotation": {"angle": -22.5, "axis": "z", "origin": [11.70123, 2.34812, 10.76626]},
			"faces": {
				"north": {"uv": [1, 0.25, 2, 1.875], "texture": "#0"},
				"east": {"uv": [1, 0.25, 2, 1.875], "texture": "#0"},
				"south": {"uv": [1, 0.25, 2, 1.875], "texture": "#0"},
				"west": {"uv": [2, 0.25, 1, 1.875], "texture": "#0"},
				"up": {"uv": [1, 0.25, 2, 1.875], "texture": "#0"},
				"down": {"uv": [1, 0.25, 2, 1.875], "texture": "#0"}
			}
		}
	]
}