{
	"credit": "Made By Vixel",
	"textures": {
		"0": "block/detector_rail_on",
		"particle": "block/detector_rail_on"
	},
	"elements": [
		{
			"from": [1.999, 8, 8],
			"to": [3.999, 9, 24],
			"rotation": {"angle": -45, "axis": "x", "origin": [0, 1, 16], "rescale": true},
			"faces": {
				"north": {"uv": [12, 0, 14.002, 0.75], "texture": "#0"},
				"east": {"uv": [13, 0, 13.75, 16], "rotation": 90, "texture": "#0"},
				"south": {"uv": [12, 0, 14.002, 0.75], "texture": "#0"},
				"west": {"uv": [12, 0, 12.75, 16], "rotation": 90, "texture": "#0"},
				"up": {"uv": [12, 0, 14.002, 16], "texture": "#0"},
				"down": {"uv": [12, 0, 14.002, 16], "texture": "#0"}
			}
		},
		{
			"from": [11.999, 8, 8],
			"to": [14.001, 8.75, 24],
			"rotation": {"angle": -45, "axis": "x", "origin": [0, 1, 16], "rescale": true},
			"faces": {
				"north": {"uv": [2, 0, 4.002, 0.75], "texture": "#0"},
				"east": {"uv": [2, 0, 2.75, 16], "rotation": 90, "texture": "#0"},
				"south": {"uv": [2, 0, 4.002, 0.75], "texture": "#0"},
				"west": {"uv": [2, 0, 2.75, 16], "rotation": 90, "texture": "#0"},
				"up": {"uv": [2, 0, 4.002, 16], "texture": "#0"},
				"down": {"uv": [2, 0, 4.002, 16], "texture": "#0"}
			}
		},
		{
			"from": [1, 7.75, 9],
			"to": [15, 8.5, 11],
			"rotation": {"angle": -45, "axis": "x", "origin": [0, 1, 16], "rescale": true},
			"faces": {
				"north": {"uv": [1, 13, 15, 13.75], "texture": "#0"},
				"east": {"uv": [4, 14, 6, 14.75], "texture": "#0"},
				"south": {"uv": [1, 13, 15, 13.75], "texture": "#0"},
				"west": {"uv": [4, 14, 6, 14.75], "texture": "#0"},
				"up": {"uv": [1, 13, 15, 15], "texture": "#0"},
				"down": {"uv": [1, 13, 15, 15], "texture": "#0"}
			}
		},
		{
			"from": [1, 7.75, 13],
			"to": [15, 8.5, 15],
			"rotation": {"angle": -45, "axis": "x", "origin": [0, 1, 16], "rescale": true},
			"faces": {
				"north": {"uv": [1, 14, 15, 14.75], "texture": "#0"},
				"east": {"uv": [4, 10, 6, 10.75], "texture": "#0"},
				"south": {"uv": [1, 2, 15, 2.75], "texture": "#0"},
				"west": {"uv": [4, 2, 6, 2.75], "texture": "#0"},
				"up": {"uv": [1, 13, 15, 15], "texture": "#0"},
				"down": {"uv": [1, 1, 15, 3], "texture": "#0"}
			}
		},
		{
			"from": [1, 7.75, 17],
			"to": [15, 8.5, 19],
			"rotation": {"angle": -45, "axis": "x", "origin": [0, 1, 16], "rescale": true},
			"faces": {
				"north": {"uv": [1, 14, 15, 14.75], "texture": "#0"},
				"east": {"uv": [4, 6, 6, 6.75], "texture": "#0"},
				"south": {"uv": [1, 14, 15, 14.75], "texture": "#0"},
				"west": {"uv": [4, 2.25, 6, 3], "texture": "#0"},
				"up": {"uv": [1, 1, 15, 3], "texture": "#0"},
				"down": {"uv": [1, 1, 15, 3], "texture": "#0"}
			}
		},
		{
			"from": [5.25, 8, 14],
			"to": [10.75, 8.75, 18],
			"rotation": {"angle": -45, "axis": "x", "origin": [0, 1, 16], "rescale": true},
			"faces": {
				"north": {"uv": [5, 5, 10, 5.75], "texture": "#0"},
				"east": {"uv": [5, 5, 9, 5.75], "texture": "#0"},
				"south": {"uv": [5, 5, 10, 5.75], "texture": "#0"},
				"west": {"uv": [5, 5, 9, 5.75], "texture": "#0"},
				"up": {"uv": [5, 5, 11, 11], "texture": "#0"},
				"down": {"uv": [5, 10, 6, 11], "texture": "#0"}
			}
		},
		{
			"from": [6, 8.25, 14.5],
			"to": [10, 9, 17.5],
			"rotation": {"angle": -45, "axis": "x", "origin": [0, 1, 16], "rescale": true},
			"faces": {
				"north": {"uv": [6, 6, 10, 10], "texture": "#0"},
				"east": {"uv": [6, 6, 10, 10], "texture": "#0"},
				"south": {"uv": [6, 6, 10, 10], "texture": "#0"},
				"west": {"uv": [6, 6, 10, 10], "texture": "#0"},
				"up": {"uv": [6, 6, 10, 10], "texture": "#0"},
				"down": {"uv": [6, 6, 10, 10], "texture": "#0"}
			}
		},
		{
			"from": [1, 7.75, 21],
			"to": [15, 8.5, 23],
			"rotation": {"angle": -45, "axis": "x", "origin": [0, 1, 16], "rescale": true},
			"faces": {
				"north": {"uv": [1, 1, 15, 1.75], "texture": "#0"},
				"east": {"uv": [4, 2, 6, 2.75], "texture": "#0"},
				"south": {"uv": [1, 1, 15, 1.75], "texture": "#0"},
				"west": {"uv": [4, 2, 6, 2.75], "texture": "#0"},
				"up": {"uv": [1, 1, 15, 3], "texture": "#0"},
				"down": {"uv": [1, 1, 15, 3], "texture": "#0"}
			}
		}
	]
}