{
	"credit": "Made with Blockbench",
	"parent": "minecraft:block/cross",
	"texture_size": [32, 32],
	"textures": {
		"1": "block/lily_model",
		"particle": "block/lily_model"
	},
	"elements": [
		{
			"from": [3.5, 0, 8.5],
			"to": [7.5, 12, 8.5],
			"shade": false,
			"rotation": {"angle": 22.5, "axis": "y", "origin": [0.5, 1, 8.5]},
			"faces": {
				"north": {"uv": [0, 0, 2, 6], "texture": "#1"},
				"east": {"uv": [0, 0, 2, 6], "texture": "#1"},
				"south": {"uv": [2, 0, 0, 6], "texture": "#1"},
				"west": {"uv": [0, 0, 2, 6], "texture": "#1"},
				"up": {"uv": [0, 0, 2, 6], "texture": "#1"},
				"down": {"uv": [0, 0, 2, 6], "texture": "#1"}
			}
		},
		{
			"from": [4.16988, 12.06, 6.43064],
			"to": [6.88988, 16.14, 6.43064],
			"shade": false,
			"rotation": {"angle": 22.5, "axis": "y", "origin": [5.77988, 13.6, 6.93064]},
			"faces": {
				"north": {"uv": [10, 0, 12, 3], "texture": "#1"},
				"east": {"uv": [10, 0, 12, 3], "texture": "#1"},
				"south": {"uv": [12, 0, 10, 3], "texture": "#1"},
				"west": {"uv": [10, 0, 12, 3], "texture": "#1"},
				"up": {"uv": [10, 0, 12, 3], "texture": "#1"},
				"down": {"uv": [10, 0, 12, 3], "texture": "#1"}
			}
		},
		{
			"from": [4.23625, 12.1, 3.26458],
			"to": [8.83625, 12.1, 7.86458],
			"shade": false,
			"rotation": {"angle": 22.5, "axis": "y", "origin": [8.33995, 7.6, 8.27888]},
			"faces": {
				"north": {"uv": [9, 7.5, 6, 4.5], "texture": "#1"},
				"east": {"uv": [9, 7.5, 6, 4.5], "texture": "#1"},
				"south": {"uv": [9, 7.5, 6, 4.5], "texture": "#1"},
				"west": {"uv": [9, 7.5, 6, 4.5], "texture": "#1"},
				"up": {"uv": [9, 7.5, 6, 4.5], "texture": "#1"},
				"down": {"uv": [6, 7.5, 9, 4.5], "texture": "#1"}
			}
		},
		{
			"from": [7.01161, 7.1, 9.56224],
			"to": [11.61161, 7.1, 14.16224],
			"shade": false,
			"rotation": {"angle": 45, "axis": "y", "origin": [8.33995, 7.6, 8.27888]},
			"faces": {
				"north": {"uv": [9, 7.5, 6, 4.5], "texture": "#1"},
				"east": {"uv": [9, 7.5, 6, 4.5], "texture": "#1"},
				"south": {"uv": [9, 7.5, 6, 4.5], "texture": "#1"},
				"west": {"uv": [9, 7.5, 6, 4.5], "texture": "#1"},
				"up": {"uv": [9, 7.5, 6, 4.5], "texture": "#1"},
				"down": {"uv": [6, 7.5, 9, 4.5], "texture": "#1"}
			}
		},
		{
			"from": [9.45373, 7.06, 10.5465],
			"to": [12.17373, 11.14, 10.5465],
			"shade": false,
			"rotation": {"angle": 45, "axis": "y", "origin": [10.81373, 7.6, 9.7965]},
			"faces": {
				"north": {"uv": [10, 0, 12, 3], "texture": "#1"},
				"east": {"uv": [10, 0, 12, 3], "texture": "#1"},
				"south": {"uv": [12, 0, 10, 3], "texture": "#1"},
				"west": {"uv": [10, 0, 12, 3], "texture": "#1"},
				"up": {"uv": [10, 0, 12, 3], "texture": "#1"},
				"down": {"uv": [10, 0, 12, 3], "texture": "#1"}
			}
		},
		{
			"from": [4.9258, 10.41954, 10.87005],
			"to": [9.5258, 10.41954, 15.47005],
			"shade": false,
			"rotation": {"angle": 22.5, "axis": "x", "origin": [8.33995, 7.6, 8.27888]},
			"faces": {
				"north": {"uv": [9, 7.5, 6, 4.5], "texture": "#1"},
				"east": {"uv": [9, 7.5, 6, 4.5], "texture": "#1"},
				"south": {"uv": [9, 7.5, 6, 4.5], "texture": "#1"},
				"west": {"uv": [9, 7.5, 6, 4.5], "texture": "#1"},
				"up": {"uv": [9, 7.5, 6, 4.5], "texture": "#1"},
				"down": {"uv": [6, 7.5, 9, 4.5], "texture": "#1"}
			}
		},
		{
			"from": [5.57026, 8.48871, 13.9046],
			"to": [8.29026, 12.56871, 13.9046],
			"shade": false,
			"rotation": {"angle": 22.5, "axis": "x", "origin": [7.18026, 8.52871, 13.4046]},
			"faces": {
				"north": {"uv": [10, 0, 12, 3], "texture": "#1"},
				"east": {"uv": [10, 0, 12, 3], "texture": "#1"},
				"south": {"uv": [12, 0, 10, 3], "texture": "#1"},
				"west": {"uv": [10, 0, 12, 3], "texture": "#1"},
				"up": {"uv": [10, 0, 12, 3], "texture": "#1"},
				"down": {"uv": [10, 0, 12, 3], "texture": "#1"}
			}
		},
		{
			"from": [8.71042, 10.64906, 1.43279],
			"to": [13.31042, 10.64906, 6.03279],
			"shade": false,
			"rotation": {"angle": -22.5, "axis": "x", "origin": [8.33995, 7.6, 8.27888]},
			"faces": {
				"north": {"uv": [9, 7.5, 6, 4.5], "texture": "#1"},
				"east": {"uv": [9, 7.5, 6, 4.5], "texture": "#1"},
				"south": {"uv": [9, 7.5, 6, 4.5], "texture": "#1"},
				"west": {"uv": [9, 7.5, 6, 4.5], "texture": "#1"},
				"up": {"uv": [9, 7.5, 6, 4.5], "texture": "#1"},
				"down": {"uv": [6, 7.5, 9, 4.5], "texture": "#1"}
			}
		},
		{
			"from": [9.35487, 8.7287, 2.88281],
			"to": [12.07487, 12.8087, 2.88281],
			"shade": false,
			"rotation": {"angle": -22.5, "axis": "x", "origin": [10.21487, 8.7687, 3.13281]},
			"faces": {
				"north": {"uv": [10, 0, 12, 3], "texture": "#1"},
				"east": {"uv": [10, 0, 12, 3], "texture": "#1"},
				"south": {"uv": [12, 0, 10, 3], "texture": "#1"},
				"west": {"uv": [10, 0, 12, 3], "texture": "#1"},
				"up": {"uv": [10, 0, 12, 3], "texture": "#1"},
				"down": {"uv": [10, 0, 12, 3], "texture": "#1"}
			}
		},
		{
			"from": [5.03281, 0, 12.20598],
			"to": [9.03281, 9, 12.20598],
			"shade": false,
			"rotation": {"angle": 22.5, "axis": "x", "origin": [7.03281, 4.5, 11.20598]},
			"faces": {
				"north": {"uv": [0, 6, 2, 10.5], "texture": "#1"},
				"east": {"uv": [0, 6, 2, 10.5], "texture": "#1"},
				"south": {"uv": [2, 6, 0, 10.5], "texture": "#1"},
				"west": {"uv": [0, 6, 2, 10.5], "texture": "#1"},
				"up": {"uv": [0, 6, 2, 10.5], "texture": "#1"},
				"down": {"uv": [0, 6, 2, 10.5], "texture": "#1"}
			}
		},
		{
			"from": [11.03281, 0, 7.45598],
			"to": [11.03281, 7, 11.45598],
			"shade": false,
			"rotation": {"angle": -22.5, "axis": "y", "origin": [10.03281, 4.5, 11.20598]},
			"faces": {
				"north": {"uv": [2, 6, 4, 9.5], "texture": "#1"},
				"east": {"uv": [2, 6, 4, 9.5], "texture": "#1"},
				"south": {"uv": [2, 6, 4, 9.5], "texture": "#1"},
				"west": {"uv": [4, 6, 2, 9.5], "texture": "#1"},
				"up": {"uv": [2, 6, 4, 9.5], "texture": "#1"},
				"down": {"uv": [2, 6, 4, 9.5], "texture": "#1"}
			}
		},
		{
			"from": [8.7116, 0, 4.73882],
			"to": [12.7116, 9, 4.73882],
			"shade": false,
			"rotation": {"angle": -22.5, "axis": "x", "origin": [10.7116, 4.5, 4.73882]},
			"faces": {
				"north": {"uv": [0, 6, 2, 10.5], "texture": "#1"},
				"east": {"uv": [0, 6, 2, 10.5], "texture": "#1"},
				"south": {"uv": [2, 6, 0, 10.5], "texture": "#1"},
				"west": {"uv": [0, 6, 2, 10.5], "texture": "#1"},
				"up": {"uv": [0, 6, 2, 10.5], "texture": "#1"},
				"down": {"uv": [0, 6, 2, 10.5], "texture": "#1"}
			}
		}
	]
}