{
	"credit": "Made with Blockbench",
	"ambientocclusion": false,
	"texture_size": [32, 32],
	"textures": {
		"1": "block/lily_model",
		"particle": "block/lily_model",
		"flowerpot": "block/flower_pot",
		"dirt": "block/dirt"
	},
	"elements": [
		{
			"from": [5, 0, 5],
			"to": [6, 6, 11],
			"faces": {
				"north": {"uv": [10, 10, 11, 16], "texture": "#flowerpot", "cullface": "north"},
				"east": {"uv": [5, 10, 11, 16], "texture": "#flowerpot", "cullface": "east"},
				"south": {"uv": [5, 10, 6, 16], "texture": "#flowerpot", "cullface": "south"},
				"west": {"uv": [5, 10, 11, 16], "texture": "#flowerpot", "cullface": "west"},
				"up": {"uv": [5, 5, 6, 11], "texture": "#flowerpot", "cullface": "up"},
				"down": {"uv": [5, 5, 6, 11], "texture": "#flowerpot", "cullface": "down"}
			}
		},
		{
			"from": [10, 0, 5],
			"to": [11, 6, 11],
			"faces": {
				"north": {"uv": [5, 10, 6, 16], "texture": "#flowerpot", "cullface": "north"},
				"east": {"uv": [5, 10, 11, 16], "texture": "#flowerpot", "cullface": "east"},
				"south": {"uv": [10, 10, 11, 16], "texture": "#flowerpot", "cullface": "south"},
				"west": {"uv": [5, 10, 11, 16], "texture": "#flowerpot", "cullface": "west"},
				"up": {"uv": [10, 5, 11, 11], "texture": "#flowerpot", "cullface": "up"},
				"down": {"uv": [10, 5, 11, 11], "texture": "#flowerpot", "cullface": "down"}
			}
		},
		{
			"from": [6, 0, 5],
			"to": [10, 6, 6],
			"faces": {
				"north": {"uv": [6, 10, 10, 16], "texture": "#flowerpot", "cullface": "north"},
				"south": {"uv": [6, 10, 10, 16], "texture": "#flowerpot", "cullface": "south"},
				"up": {"uv": [6, 5, 10, 6], "texture": "#flowerpot", "cullface": "up"},
				"down": {"uv": [6, 10, 10, 11], "texture": "#flowerpot", "cullface": "down"}
			}
		},
		{
			"from": [6, 0, 10],
			"to": [10, 6, 11],
			"faces": {
				"north": {"uv": [6, 10, 10, 16], "texture": "#flowerpot", "cullface": "north"},
				"south": {"uv": [6, 10, 10, 16], "texture": "#flowerpot", "cullface": "south"},
				"up": {"uv": [6, 10, 10, 11], "texture": "#flowerpot", "cullface": "up"},
				"down": {"uv": [6, 5, 10, 6], "texture": "#flowerpot", "cullface": "down"}
			}
		},
		{
			"from": [6, 0, 6],
			"to": [10, 4, 10],
			"faces": {
				"up": {"uv": [6, 6, 10, 10], "texture": "#dirt", "cullface": "up"},
				"down": {"uv": [6, 12, 10, 16], "texture": "#flowerpot", "cullface": "down"}
			}
		},
		{
			"from": [5.75, 1, 12],
			"to": [9.75, 13, 12],
			"shade": false,
			"rotation": {"angle": 22.5, "axis": "y", "origin": [0.5, 1, 8.5]},
			"faces": {
				"north": {"uv": [0, 0, 2, 6], "texture": "#1", "cullface": "north"},
				"east": {"uv": [0, 0, 2, 6], "texture": "#1", "cullface": "east"},
				"south": {"uv": [2, 0, 0, 6], "texture": "#1", "cullface": "south"},
				"west": {"uv": [0, 0, 2, 6], "texture": "#1", "cullface": "west"},
				"up": {"uv": [0, 0, 2, 6], "texture": "#1", "cullface": "up"},
				"down": {"uv": [0, 0, 2, 6], "texture": "#1"}
			}
		},
		{
			"from": [6.28281, 1.5, 5.45598],
			"to": [6.28281, 8.5, 9.45598],
			"shade": false,
			"rotation": {"angle": -22.5, "axis": "y", "origin": [5.28281, 6, 9.20598]},
			"faces": {
				"north": {"uv": [2, 6, 4, 9.5], "texture": "#1", "cullface": "north"},
				"east": {"uv": [2, 6, 4, 9.5], "texture": "#1", "cullface": "east"},
				"south": {"uv": [2, 6, 4, 9.5], "texture": "#1", "cullface": "south"},
				"west": {"uv": [4, 6, 2, 9.5], "texture": "#1", "cullface": "west"},
				"up": {"uv": [2, 6, 4, 9.5], "texture": "#1", "cullface": "up"},
				"down": {"uv": [2, 6, 4, 9.5], "texture": "#1"}
			}
		},
		{
			"from": [4.70373, 8.56, 8.5465],
			"to": [7.42373, 12.64, 8.5465],
			"shade": false,
			"rotation": {"angle": 45, "axis": "y", "origin": [6.06373, 9.1, 7.7965]},
			"faces": {
				"north": {"uv": [10, 0, 12, 3], "texture": "#1", "cullface": "north"},
				"east": {"uv": [10, 0, 12, 3], "texture": "#1", "cullface": "east"},
				"south": {"uv": [12, 0, 10, 3], "texture": "#1", "cullface": "south"},
				"west": {"uv": [10, 0, 12, 3], "texture": "#1", "cullface": "west"},
				"up": {"uv": [10, 0, 12, 3], "texture": "#1", "cullface": "up"},
				"down": {"uv": [10, 0, 12, 3], "texture": "#1"}
			}
		},
		{
			"from": [2.26161, 8.6, 7.56224],
			"to": [6.86161, 8.6, 12.16224],
			"shade": false,
			"rotation": {"angle": 45, "axis": "y", "origin": [3.58995, 9.1, 6.27888]},
			"faces": {
				"north": {"uv": [9, 7.5, 6, 4.5], "texture": "#1", "cullface": "north"},
				"east": {"uv": [9, 7.5, 6, 4.5], "texture": "#1", "cullface": "east"},
				"south": {"uv": [9, 7.5, 6, 4.5], "texture": "#1", "cullface": "south"},
				"west": {"uv": [9, 7.5, 6, 4.5], "texture": "#1", "cullface": "west"},
				"up": {"uv": [9, 7.5, 6, 4.5], "texture": "#1", "cullface": "up"},
				"down": {"uv": [6, 7.5, 9, 4.5], "texture": "#1"}
			}
		},
		{
			"from": [6.41988, 13.06, 9.93064],
			"to": [9.13988, 17.14, 9.93064],
			"shade": false,
			"rotation": {"angle": 22.5, "axis": "y", "origin": [5.77988, 13.6, 6.93064]},
			"faces": {
				"north": {"uv": [10, 0, 12, 3], "texture": "#1", "cullface": "north"},
				"east": {"uv": [10, 0, 12, 3], "texture": "#1", "cullface": "east"},
				"south": {"uv": [12, 0, 10, 3], "texture": "#1", "cullface": "south"},
				"west": {"uv": [10, 0, 12, 3], "texture": "#1", "cullface": "west"},
				"up": {"uv": [10, 0, 12, 3], "texture": "#1", "cullface": "up"},
				"down": {"uv": [10, 0, 12, 3], "texture": "#1"}
			}
		},
		{
			"from": [6.48625, 13.1, 6.76458],
			"to": [11.08625, 13.1, 11.36458],
			"shade": false,
			"rotation": {"angle": 22.5, "axis": "y", "origin": [8.33995, 7.6, 8.27888]},
			"faces": {
				"north": {"uv": [9, 7.5, 6, 4.5], "texture": "#1", "cullface": "north"},
				"east": {"uv": [9, 7.5, 6, 4.5], "texture": "#1", "cullface": "east"},
				"south": {"uv": [9, 7.5, 6, 4.5], "texture": "#1", "cullface": "south"},
				"west": {"uv": [9, 7.5, 6, 4.5], "texture": "#1", "cullface": "west"},
				"up": {"uv": [9, 7.5, 6, 4.5], "texture": "#1", "cullface": "up"},
				"down": {"uv": [6, 7.5, 9, 4.5], "texture": "#1"}
			}
		}
	]
}