{
	"credit": "Made with Blockbench",
	"ambientocclusion": false,
	"textures": {
		"2": "block/blue_orchid_potted",
		"particle": "block/flower_pot",
		"flowerpot": "block/flower_pot",
		"dirt": "block/dirt"
	},
	"elements": [
		{
			"from": [5, 0, 5],
			"to": [6, 6, 11],
			"faces": {
				"north": {"uv": [10, 10, 11, 16], "texture": "#flowerpot"},
				"east": {"uv": [5, 10, 11, 16], "texture": "#flowerpot"},
				"south": {"uv": [5, 10, 6, 16], "texture": "#flowerpot"},
				"west": {"uv": [5, 10, 11, 16], "texture": "#flowerpot"},
				"up": {"uv": [5, 5, 6, 11], "texture": "#flowerpot"},
				"down": {"uv": [5, 5, 6, 11], "texture": "#flowerpot", "cullface": "down"}
			}
		},
		{
			"from": [10, 0, 5],
			"to": [11, 6, 11],
			"faces": {
				"north": {"uv": [5, 10, 6, 16], "texture": "#flowerpot"},
				"east": {"uv": [5, 10, 11, 16], "texture": "#flowerpot"},
				"south": {"uv": [10, 10, 11, 16], "texture": "#flowerpot"},
				"west": {"uv": [5, 10, 11, 16], "texture": "#flowerpot"},
				"up": {"uv": [10, 5, 11, 11], "texture": "#flowerpot"},
				"down": {"uv": [10, 5, 11, 11], "texture": "#flowerpot", "cullface": "down"}
			}
		},
		{
			"from": [6, 0, 5],
			"to": [10, 6, 6],
			"faces": {
				"north": {"uv": [6, 10, 10, 16], "texture": "#flowerpot"},
				"south": {"uv": [6, 10, 10, 16], "texture": "#flowerpot"},
				"up": {"uv": [6, 5, 10, 6], "texture": "#flowerpot"},
				"down": {"uv": [6, 10, 10, 11], "texture": "#flowerpot", "cullface": "down"}
			}
		},
		{
			"from": [6, 0, 10],
			"to": [10, 6, 11],
			"faces": {
				"north": {"uv": [6, 10, 10, 16], "texture": "#flowerpot"},
				"south": {"uv": [6, 10, 10, 16], "texture": "#flowerpot"},
				"up": {"uv": [6, 10, 10, 11], "texture": "#flowerpot"},
				"down": {"uv": [6, 5, 10, 6], "texture": "#flowerpot", "cullface": "down"}
			}
		},
		{
			"from": [6, 0, 6],
			"to": [10, 4, 10],
			"faces": {
				"up": {"uv": [6, 6, 10, 10], "texture": "#dirt"},
				"down": {"uv": [6, 12, 10, 16], "texture": "#flowerpot", "cullface": "down"}
			}
		},
		{
			"from": [6.39837, 2, 8.13524],
			"to": [9.28837, 10.48938, 8.13524],
			"shade": false,
			"rotation": {"angle": 22.5, "axis": "y", "origin": [7.66274, 4.15438, 8.13524]},
			"faces": {
				"north": {"uv": [13, 3, 9, 14.75], "texture": "#2"},
				"east": {"uv": [13, 3, 9, 14.75], "texture": "#2"},
				"south": {"uv": [9, 3, 13, 14.75], "texture": "#2"},
				"west": {"uv": [13, 3, 9, 14.75], "texture": "#2"},
				"up": {"uv": [13, 3, 9, 14.75], "texture": "#2"},
				"down": {"uv": [13, 3, 9, 14.75], "texture": "#2"}
			}
		},
		{
			"from": [8.0825, 10.52437, 7.0971],
			"to": [10.9725, 10.52437, 9.9871],
			"shade": false,
			"rotation": {"angle": 22.5, "axis": "y", "origin": [7.5275, 6.50137, 8.5421]},
			"faces": {
				"north": {"uv": [5.11, 0, 9, 3.89], "texture": "#2"},
				"east": {"uv": [5.11, 0, 9, 3.89], "texture": "#2"},
				"south": {"uv": [5.11, 0, 9, 3.89], "texture": "#2"},
				"west": {"uv": [5.11, 0, 9, 3.89], "texture": "#2"},
				"up": {"uv": [5.11, 0, 9, 3.89], "texture": "#2"},
				"down": {"uv": [9, 0, 5.11, 3.89], "texture": "#2"}
			}
		},
		{
			"from": [5.40862, 7.67437, 7.22978],
			"to": [8.29862, 7.67437, 10.11978],
			"shade": false,
			"rotation": {"angle": 0, "axis": "y", "origin": [6.60362, 7.52437, 8.92478]},
			"faces": {
				"north": {"uv": [5.11, 0, 9, 3.89], "texture": "#2"},
				"east": {"uv": [5.11, 0, 9, 3.89], "texture": "#2"},
				"south": {"uv": [5.11, 0, 9, 3.89], "texture": "#2"},
				"west": {"uv": [5.11, 0, 9, 3.89], "texture": "#2"},
				"up": {"uv": [5.11, 0, 9, 3.89], "texture": "#2"},
				"down": {"uv": [9, 0, 5.11, 3.89], "texture": "#2"}
			}
		}
	]
}