{
	"credit": "Made with Blockbench",
	"ambientocclusion": false,
	"textures": {
		"3": "block/cornflower_model",
		"particle": "block/flower_pot",
		"flowerpot": "block/flower_pot",
		"dirt": "block/dirt"
	},
	"elements": [
		{
			"from": [5, 0, 5],
			"to": [6, 6, 11],
			"faces": {
				"north": {"uv": [10, 10, 11, 16], "texture": "#flowerpot"},
				"east": {"uv": [5, 10, 11, 16], "texture": "#flowerpot"},
				"south": {"uv": [5, 10, 6, 16], "texture": "#flowerpot"},
				"west": {"uv": [5, 10, 11, 16], "texture": "#flowerpot"},
				"up": {"uv": [5, 5, 6, 11], "texture": "#flowerpot"},
				"down": {"uv": [5, 5, 6, 11], "texture": "#flowerpot", "cullface": "down"}
			}
		},
		{
			"from": [10, 0, 5],
			"to": [11, 6, 11],
			"faces": {
				"north": {"uv": [5, 10, 6, 16], "texture": "#flowerpot"},
				"east": {"uv": [5, 10, 11, 16], "texture": "#flowerpot"},
				"south": {"uv": [10, 10, 11, 16], "texture": "#flowerpot"},
				"west": {"uv": [5, 10, 11, 16], "texture": "#flowerpot"},
				"up": {"uv": [10, 5, 11, 11], "texture": "#flowerpot"},
				"down": {"uv": [10, 5, 11, 11], "texture": "#flowerpot", "cullface": "down"}
			}
		},
		{
			"from": [6, 0, 5],
			"to": [10, 6, 6],
			"faces": {
				"north": {"uv": [6, 10, 10, 16], "texture": "#flowerpot"},
				"south": {"uv": [6, 10, 10, 16], "texture": "#flowerpot"},
				"up": {"uv": [6, 5, 10, 6], "texture": "#flowerpot"},
				"down": {"uv": [6, 10, 10, 11], "texture": "#flowerpot", "cullface": "down"}
			}
		},
		{
			"from": [6, 0, 10],
			"to": [10, 6, 11],
			"faces": {
				"north": {"uv": [6, 10, 10, 16], "texture": "#flowerpot"},
				"south": {"uv": [6, 10, 10, 16], "texture": "#flowerpot"},
				"up": {"uv": [6, 10, 10, 11], "texture": "#flowerpot"},
				"down": {"uv": [6, 5, 10, 6], "texture": "#flowerpot", "cullface": "down"}
			}
		},
		{
			"from": [6, 0, 6],
			"to": [10, 4, 10],
			"faces": {
				"up": {"uv": [6, 6, 10, 10], "texture": "#dirt"},
				"down": {"uv": [6, 12, 10, 16], "texture": "#flowerpot", "cullface": "down"}
			}
		},
		{
			"from": [7.5, 1.25, 7.5],
			"to": [8.5, 11.25, 8.5],
			"shade": false,
			"rotation": {"angle": 0, "axis": "y", "origin": [0.5, -0.75, -0.5]},
			"faces": {
				"north": {"uv": [0, 0, 1, 12], "texture": "#3"},
				"east": {"uv": [1, 0, 2, 12], "texture": "#3"},
				"south": {"uv": [2, 0, 3, 12], "texture": "#3"},
				"west": {"uv": [3, 0, 4, 12], "texture": "#3"},
				"up": {"uv": [11, 9, 10, 8], "texture": "#3"},
				"down": {"uv": [11, 9, 10, 10], "texture": "#3"}
			}
		},
		{
			"from": [7, 10.75, 7],
			"to": [9, 11.75, 9],
			"shade": false,
			"rotation": {"angle": 0, "axis": "y", "origin": [0.5, -0.75, -0.5]},
			"faces": {
				"north": {"uv": [10, 4, 12, 5], "texture": "#3"},
				"east": {"uv": [10, 5, 12, 6], "texture": "#3"},
				"south": {"uv": [10, 6, 12, 7], "texture": "#3"},
				"west": {"uv": [10, 7, 12, 8], "texture": "#3"},
				"up": {"uv": [12, 2, 10, 0], "texture": "#3"},
				"down": {"uv": [12, 2, 10, 4], "texture": "#3"}
			}
		},
		{
			"from": [10, 12, 6.5],
			"to": [13, 12, 9.5],
			"shade": false,
			"rotation": {"angle": 22.5, "axis": "z", "origin": [11.5, 11.25, 8]},
			"faces": {
				"north": {"uv": [7, 3, 4, 0], "texture": "#3"},
				"east": {"uv": [7, 3, 4, 0], "texture": "#3"},
				"south": {"uv": [7, 3, 4, 0], "texture": "#3"},
				"west": {"uv": [7, 3, 4, 0], "texture": "#3"},
				"up": {"uv": [7, 3, 4, 0], "texture": "#3"},
				"down": {"uv": [7, 3, 4, 0], "texture": "#3"}
			}
		},
		{
			"from": [3, 12, 6.5],
			"to": [6, 12, 9.5],
			"shade": false,
			"rotation": {"angle": -22.5, "axis": "z", "origin": [4.5, 11.25, 8]},
			"faces": {
				"north": {"uv": [7, 9, 4, 6], "texture": "#3"},
				"east": {"uv": [7, 9, 4, 6], "texture": "#3"},
				"south": {"uv": [7, 9, 4, 6], "texture": "#3"},
				"west": {"uv": [7, 9, 4, 6], "texture": "#3"},
				"up": {"uv": [7, 9, 4, 6], "texture": "#3"},
				"down": {"uv": [7, 9, 4, 6], "texture": "#3"}
			}
		},
		{
			"from": [3.03701, 11.44291, 4.25],
			"to": [6.03701, 11.44291, 7.25],
			"shade": false,
			"rotation": {"angle": -45, "axis": "y", "origin": [4.78701, 11.94291, 8]},
			"faces": {
				"north": {"uv": [7, 9, 4, 6], "texture": "#3"},
				"east": {"uv": [7, 9, 4, 6], "texture": "#3"},
				"south": {"uv": [7, 9, 4, 6], "texture": "#3"},
				"west": {"uv": [7, 9, 4, 6], "texture": "#3"},
				"up": {"uv": [7, 9, 4, 6], "texture": "#3"},
				"down": {"uv": [7, 9, 4, 6], "texture": "#3"}
			}
		},
		{
			"from": [3.03701, 11.44291, 4.25],
			"to": [6.03701, 11.44291, 7.25],
			"shade": false,
			"rotation": {"angle": -45, "axis": "y", "origin": [4.78701, 11.94291, 8]},
			"faces": {
				"north": {"uv": [7, 9, 4, 6], "texture": "#3"},
				"east": {"uv": [7, 9, 4, 6], "texture": "#3"},
				"south": {"uv": [7, 9, 4, 6], "texture": "#3"},
				"west": {"uv": [7, 9, 4, 6], "texture": "#3"},
				"up": {"uv": [7, 9, 4, 6], "texture": "#3"},
				"down": {"uv": [7, 9, 4, 6], "texture": "#3"}
			}
		},
		{
			"from": [10.46299, 11.44291, 3.5],
			"to": [13.46299, 11.44291, 6.5],
			"shade": false,
			"rotation": {"angle": 45, "axis": "y", "origin": [12.21299, 11.94291, 8]},
			"faces": {
				"north": {"uv": [4, 9, 7, 6], "texture": "#3"},
				"east": {"uv": [4, 9, 7, 6], "texture": "#3"},
				"south": {"uv": [4, 9, 7, 6], "texture": "#3"},
				"west": {"uv": [4, 9, 7, 6], "texture": "#3"},
				"up": {"uv": [4, 9, 7, 6], "texture": "#3"},
				"down": {"uv": [4, 9, 7, 6], "texture": "#3"}
			}
		},
		{
			"from": [3.53701, 11.44291, 9],
			"to": [6.53701, 11.44291, 12],
			"shade": false,
			"rotation": {"angle": 45, "axis": "y", "origin": [4.78701, 11.94291, 9]},
			"faces": {
				"north": {"uv": [4, 9, 7, 6], "texture": "#3"},
				"east": {"uv": [4, 9, 7, 6], "texture": "#3"},
				"south": {"uv": [4, 9, 7, 6], "texture": "#3"},
				"west": {"uv": [4, 9, 7, 6], "texture": "#3"},
				"up": {"uv": [7, 6, 4, 9], "texture": "#3"},
				"down": {"uv": [7, 6, 4, 9], "texture": "#3"}
			}
		},
		{
			"from": [9.71299, 11.44291, 9.75],
			"to": [12.71299, 11.44291, 12.75],
			"shade": false,
			"rotation": {"angle": -45, "axis": "y", "origin": [12.21299, 11.94291, 9]},
			"faces": {
				"north": {"uv": [7, 9, 4, 6], "texture": "#3"},
				"east": {"uv": [7, 9, 4, 6], "texture": "#3"},
				"south": {"uv": [7, 9, 4, 6], "texture": "#3"},
				"west": {"uv": [7, 9, 4, 6], "texture": "#3"},
				"up": {"uv": [4, 6, 7, 9], "texture": "#3"},
				"down": {"uv": [4, 6, 7, 9], "texture": "#3"}
			}
		},
		{
			"from": [6.5, 12, 3],
			"to": [9.5, 12, 6],
			"shade": false,
			"rotation": {"angle": 22.5, "axis": "x", "origin": [8, 11.25, 4.5]},
			"faces": {
				"north": {"uv": [10, 6, 7, 3], "texture": "#3"},
				"east": {"uv": [10, 6, 7, 3], "texture": "#3"},
				"south": {"uv": [10, 6, 7, 3], "texture": "#3"},
				"west": {"uv": [10, 6, 7, 3], "texture": "#3"},
				"up": {"uv": [10, 6, 7, 3], "texture": "#3"},
				"down": {"uv": [10, 3, 7, 6], "texture": "#3"}
			}
		},
		{
			"from": [6.5, 12, 10],
			"to": [9.5, 12, 13],
			"shade": false,
			"rotation": {"angle": -22.5, "axis": "x", "origin": [8, 11.25, 11.5]},
			"faces": {
				"north": {"uv": [7, 12, 4, 9], "texture": "#3"},
				"east": {"uv": [7, 12, 4, 9], "texture": "#3"},
				"south": {"uv": [7, 12, 4, 9], "texture": "#3"},
				"west": {"uv": [7, 12, 4, 9], "texture": "#3"},
				"up": {"uv": [7, 12, 4, 9], "texture": "#3"},
				"down": {"uv": [7, 9, 4, 12], "texture": "#3"}
			}
		},
		{
			"from": [7, 11.25, 9],
			"to": [9, 11.25, 10],
			"shade": false,
			"rotation": {"angle": 0, "axis": "y", "origin": [0.5, -0.75, -0.5]},
			"faces": {
				"north": {"uv": [11, 11, 10, 10], "texture": "#3"},
				"east": {"uv": [11, 11, 10, 10], "texture": "#3"},
				"south": {"uv": [11, 11, 10, 10], "texture": "#3"},
				"west": {"uv": [11, 11, 10, 10], "texture": "#3"},
				"up": {"uv": [12, 11, 10, 10], "texture": "#3"},
				"down": {"uv": [11, 11, 10, 10], "texture": "#3"}
			}
		},
		{
			"from": [7, 11.25, 6],
			"to": [9, 11.25, 7],
			"shade": false,
			"rotation": {"angle": 0, "axis": "y", "origin": [0.5, -0.75, -0.5]},
			"faces": {
				"north": {"uv": [12, 10, 11, 9], "texture": "#3"},
				"east": {"uv": [12, 10, 11, 9], "texture": "#3"},
				"south": {"uv": [12, 10, 11, 9], "texture": "#3"},
				"west": {"uv": [12, 10, 11, 9], "texture": "#3"},
				"up": {"uv": [13, 10, 11, 9], "texture": "#3"},
				"down": {"uv": [12, 10, 11, 9], "texture": "#3"}
			}
		},
		{
			"from": [9, 11.25, 7],
			"to": [10, 11.25, 9],
			"shade": false,
			"rotation": {"angle": 0, "axis": "y", "origin": [0.5, -0.75, -0.5]},
			"faces": {
				"north": {"uv": [12, 11, 11, 10], "texture": "#3"},
				"east": {"uv": [12, 11, 11, 10], "texture": "#3"},
				"south": {"uv": [12, 11, 11, 10], "texture": "#3"},
				"west": {"uv": [12, 11, 11, 10], "texture": "#3"},
				"up": {"uv": [12, 12, 11, 10], "texture": "#3"},
				"down": {"uv": [12, 11, 11, 10], "texture": "#3"}
			}
		},
		{
			"from": [6, 11.25, 7],
			"to": [7, 11.25, 9],
			"shade": false,
			"rotation": {"angle": 0, "axis": "y", "origin": [0.5, -0.75, -0.5]},
			"faces": {
				"north": {"uv": [1, 13, 0, 12], "texture": "#3"},
				"east": {"uv": [1, 13, 0, 12], "texture": "#3"},
				"south": {"uv": [1, 13, 0, 12], "texture": "#3"},
				"west": {"uv": [1, 13, 0, 12], "texture": "#3"},
				"up": {"uv": [1, 14, 0, 12], "texture": "#3"},
				"down": {"uv": [1, 13, 0, 12], "texture": "#3"}
			}
		}
	]
}