{
	"credit": "Made with Blockbench",
	"textures": {
		"0": "block/powered_rail",
		"particle": "block/powered_rail"
	},
	"elements": [
		{
			"from": [1.999, 0.25, 0],
			"to": [3.999, 1.25, 16],
			"rotation": {"angle": 45, "axis": "x", "origin": [0, 1, 16], "rescale": true},
			"faces": {
				"north": {"uv": [12, 0, 14.002, 0.75], "texture": "#0"},
				"east": {"uv": [13, 0, 13.75, 16], "rotation": 90, "texture": "#0"},
				"south": {"uv": [12, 0, 14.002, 0.75], "texture": "#0"},
				"west": {"uv": [12, 0, 12.75, 16], "rotation": 90, "texture": "#0"},
				"up": {"uv": [12, 0, 14.002, 16], "texture": "#0"},
				"down": {"uv": [12, 0, 14.002, 16], "texture": "#0"}
			}
		},
		{
			"from": [3.999, 0.25, 0],
			"to": [4.999, 1.25, 16],
			"rotation": {"angle": 45, "axis": "x", "origin": [0, 1, 16], "rescale": true},
			"faces": {
				"north": {"uv": [4, 0, 5, 1], "texture": "#0"},
				"east": {"uv": [4, 0, 5, 16], "rotation": 90, "texture": "#0"},
				"south": {"uv": [4, 0, 5, 1], "texture": "#0"},
				"west": {"uv": [4, 0, 5, 16], "texture": "#0"},
				"up": {"uv": [4, 0, 5, 16], "texture": "#0"},
				"down": {"uv": [4, 0, 5, 16], "texture": "#0"}
			}
		},
		{
			"from": [11.999, 0.25, 0],
			"to": [14.001, 1, 16],
			"rotation": {"angle": 45, "axis": "x", "origin": [0, 1, 16], "rescale": true},
			"faces": {
				"north": {"uv": [2, 0, 4.002, 0.75], "texture": "#0"},
				"east": {"uv": [2, 0, 2.75, 16], "rotation": 90, "texture": "#0"},
				"south": {"uv": [2, 0, 4.002, 0.75], "texture": "#0"},
				"west": {"uv": [2, 0, 2.75, 16], "rotation": 90, "texture": "#0"},
				"up": {"uv": [2, 0, 4.002, 16], "texture": "#0"},
				"down": {"uv": [2, 0, 4.002, 16], "texture": "#0"}
			}
		},
		{
			"from": [10.999, 0.25, 0],
			"to": [12.001, 1, 16],
			"rotation": {"angle": 45, "axis": "x", "origin": [0, 1, 16], "rescale": true},
			"faces": {
				"north": {"uv": [11, 0, 12.002, 0.75], "texture": "#0"},
				"east": {"uv": [11, 0, 12.002, 16], "texture": "#0"},
				"south": {"uv": [11, 0, 12.002, 0.75], "texture": "#0"},
				"west": {"uv": [11, 0, 11.75, 16], "rotation": 90, "texture": "#0"},
				"up": {"uv": [11, 0, 12.002, 16], "texture": "#0"},
				"down": {"uv": [11, 0, 12.002, 16], "texture": "#0"}
			}
		},
		{
			"from": [1, 0, 1],
			"to": [15, 0.75, 3],
			"rotation": {"angle": 45, "axis": "x", "origin": [0, 1, 16], "rescale": true},
			"faces": {
				"north": {"uv": [1, 13, 15, 13.75], "texture": "#0"},
				"east": {"uv": [7, 14, 9, 14.75], "texture": "#0"},
				"south": {"uv": [1, 13, 15, 13.75], "texture": "#0"},
				"west": {"uv": [7, 14, 9, 14.75], "texture": "#0"},
				"up": {"uv": [1, 13, 15, 15], "texture": "#0"},
				"down": {"uv": [1, 13, 15, 15], "texture": "#0"}
			}
		},
		{
			"from": [1, 0, 5],
			"to": [15, 0.75, 7],
			"rotation": {"angle": 45, "axis": "x", "origin": [0, 1, 16], "rescale": true},
			"faces": {
				"north": {"uv": [1, 9, 15, 9.75], "texture": "#0"},
				"east": {"uv": [7, 10, 9, 10.75], "texture": "#0"},
				"south": {"uv": [1, 9, 15, 9.75], "texture": "#0"},
				"west": {"uv": [8, 10, 10, 10.75], "texture": "#0"},
				"up": {"uv": [1, 9, 15, 11], "texture": "#0"},
				"down": {"uv": [1, 9, 15, 11], "texture": "#0"}
			}
		},
		{
			"from": [1, 0, 9],
			"to": [15, 0.75, 11],
			"rotation": {"angle": 45, "axis": "x", "origin": [0, 1, 16], "rescale": true},
			"faces": {
				"north": {"uv": [1, 5, 15, 5.75], "texture": "#0"},
				"east": {"uv": [6, 6, 8, 6.75], "texture": "#0"},
				"south": {"uv": [1, 5, 15, 5.75], "texture": "#0"},
				"west": {"uv": [7, 6.25, 9, 7], "texture": "#0"},
				"up": {"uv": [1, 5, 15, 7], "texture": "#0"},
				"down": {"uv": [1, 5, 15, 7], "texture": "#0"}
			}
		},
		{
			"from": [1, 0, 13],
			"to": [15, 0.75, 15],
			"rotation": {"angle": 45, "axis": "x", "origin": [0, 1, 16], "rescale": true},
			"faces": {
				"north": {"uv": [1, 1, 15, 1.75], "texture": "#0"},
				"east": {"uv": [7, 2, 9, 2.75], "texture": "#0"},
				"south": {"uv": [1, 1, 15, 1.75], "texture": "#0"},
				"west": {"uv": [6, 2, 8, 2.75], "texture": "#0"},
				"up": {"uv": [1, 1, 15, 3], "texture": "#0"},
				"down": {"uv": [1, 1, 15, 3], "texture": "#0"}
			}
		},
		{
			"from": [6.65, 0, 11],
			"to": [9.4, 0.75, 13],
			"rotation": {"angle": 45, "axis": "x", "origin": [0, 1, 16], "rescale": true},
			"faces": {
				"north": {"uv": [7, 11, 9, 13], "texture": "#0"},
				"east": {"uv": [7, 11, 9, 11.75], "texture": "#0"},
				"south": {"uv": [7, 11, 9, 13], "texture": "#0"},
				"west": {"uv": [7, 11, 9, 11.75], "texture": "#0"},
				"up": {"uv": [7, 11, 9, 13], "texture": "#0"},
				"down": {"uv": [7, 11, 9, 13], "texture": "#0"}
			}
		},
		{
			"from": [6.65, 0, 7],
			"to": [9.4, 0.75, 9],
			"rotation": {"angle": 45, "axis": "x", "origin": [0, 1, 16], "rescale": true},
			"faces": {
				"north": {"uv": [7, 11, 9, 13], "texture": "#0"},
				"east": {"uv": [7, 11, 9, 11.75], "texture": "#0"},
				"south": {"uv": [7, 11, 9, 13], "texture": "#0"},
				"west": {"uv": [7, 11, 9, 11.75], "texture": "#0"},
				"up": {"uv": [7, 7, 9, 9], "texture": "#0"},
				"down": {"uv": [7, 11, 9, 13], "texture": "#0"}
			}
		},
		{
			"from": [6.65, 0, 3],
			"to": [9.4, 0.75, 5],
			"rotation": {"angle": 45, "axis": "x", "origin": [0, 1, 16], "rescale": true},
			"faces": {
				"north": {"uv": [7, 11, 9, 13], "texture": "#0"},
				"east": {"uv": [7, 11, 9, 11.75], "texture": "#0"},
				"south": {"uv": [7, 11, 9, 13], "texture": "#0"},
				"west": {"uv": [7, 11, 9, 11.75], "texture": "#0"},
				"up": {"uv": [7, 3, 9, 5], "texture": "#0"},
				"down": {"uv": [7, 11, 9, 13], "texture": "#0"}
			}
		}
	]
}