{
	"credit": "Made with Blockbench",
	"ambientocclusion": false,
	"texture_size": [64, 64],
	"textures": {
		"1": "block/grass_model",
		"particle": "block/grass_model"
	},
	"elements": [
		{
			"from": [-1.75, -1, 9.75],
			"to": [4.25, 14, 9.75],
			"shade": false,
			"rotation": {"angle": 0, "axis": "z", "origin": [1.75, 6.75, 10.25]},
			"faces": {
				"north": {"uv": [12.5, 4.5, 14, 8.25], "texture": "#1", "tintindex": 0},
				"east": {"uv": [12.5, 4.5, 14, 8.25], "texture": "#1", "tintindex": 0},
				"south": {"uv": [14, 4.5, 12.5, 8.25], "texture": "#1", "tintindex": 0},
				"west": {"uv": [12.5, 4.5, 14, 8.25], "texture": "#1", "tintindex": 0},
				"up": {"uv": [12.5, 4.5, 14, 8.25], "texture": "#1", "tintindex": 0},
				"down": {"uv": [12.5, 4.5, 14, 8.25], "texture": "#1", "tintindex": 0}
			}
		},
		{
			"from": [2.25, -1, 7.75],
			"to": [2.25, 15, 13.75],
			"shade": false,
			"rotation": {"angle": 0, "axis": "z", "origin": [1.75, 6.75, 10.25]},
			"faces": {
				"north": {"uv": [12.5, 4.5, 14, 8.5], "texture": "#1", "tintindex": 0},
				"east": {"uv": [14, 4.5, 12.5, 8.5], "texture": "#1", "tintindex": 0},
				"south": {"uv": [12.5, 4.5, 14, 8.5], "texture": "#1", "tintindex": 0},
				"west": {"uv": [12.5, 4.5, 14, 8.5], "texture": "#1", "tintindex": 0},
				"up": {"uv": [12.5, 4.5, 14, 8.5], "texture": "#1", "tintindex": 0},
				"down": {"uv": [12.5, 4.5, 14, 8.5], "texture": "#1", "tintindex": 0}
			}
		},
		{
			"from": [13.03806, -2.19134, 9],
			"to": [13.03806, 13.80866, 15],
			"shade": false,
			"rotation": {"angle": 0, "axis": "z", "origin": [14, 6, 12]},
			"faces": {
				"north": {"uv": [14.5, 0, 16, 4], "texture": "#1", "tintindex": 0},
				"east": {"uv": [16, 0, 14.5, 4], "texture": "#1", "tintindex": 0},
				"south": {"uv": [14.5, 0, 16, 4], "texture": "#1", "tintindex": 0},
				"west": {"uv": [14.5, 0, 16, 4], "texture": "#1", "tintindex": 0},
				"up": {"uv": [14.5, 0, 16, 4], "rotation": 90, "texture": "#1", "tintindex": 0},
				"down": {"uv": [14.5, 0, 16, 4], "rotation": 270, "texture": "#1", "tintindex": 0}
			}
		},
		{
			"from": [10.96194, -1.80866, 11],
			"to": [16.96194, 14.19134, 11],
			"shade": false,
			"rotation": {"angle": 0, "axis": "z", "origin": [13, 6, 11]},
			"faces": {
				"north": {"uv": [16, 0, 14.5, 4], "texture": "#1", "tintindex": 0},
				"east": {"uv": [14.5, 0, 16, 4], "texture": "#1", "tintindex": 0},
				"south": {"uv": [14.5, 0, 16, 4], "texture": "#1", "tintindex": 0},
				"west": {"uv": [14.5, 0, 16, 4], "texture": "#1", "tintindex": 0},
				"up": {"uv": [14.5, 0, 16, 4], "rotation": 90, "texture": "#1", "tintindex": 0},
				"down": {"uv": [14.5, 0, 16, 4], "rotation": 270, "texture": "#1", "tintindex": 0}
			}
		},
		{
			"from": [2, -0.25, 4],
			"to": [8, 15.75, 4],
			"shade": false,
			"rotation": {"angle": 0, "axis": "x", "origin": [5.5, 7.75, 3.5]},
			"faces": {
				"north": {"uv": [14.5, 0, 16, 4], "texture": "#1", "tintindex": 0},
				"east": {"uv": [16, 0, 14.5, 4], "texture": "#1", "tintindex": 0},
				"south": {"uv": [16, 0, 14.5, 4], "texture": "#1", "tintindex": 0},
				"west": {"uv": [16, 0, 14.5, 4], "texture": "#1", "tintindex": 0},
				"up": {"uv": [16, 0, 14.5, 4], "texture": "#1", "tintindex": 0},
				"down": {"uv": [16, 0, 14.5, 4], "texture": "#1", "tintindex": 0}
			}
		},
		{
			"from": [6, -0.25, 0],
			"to": [6, 15.75, 6],
			"shade": false,
			"rotation": {"angle": 0, "axis": "x", "origin": [5.5, 7.75, 3.5]},
			"faces": {
				"north": {"uv": [16, 0, 14.5, 4], "texture": "#1", "tintindex": 0},
				"east": {"uv": [14.5, 0, 16, 4], "texture": "#1", "tintindex": 0},
				"south": {"uv": [16, 0, 14.5, 4], "texture": "#1", "tintindex": 0},
				"west": {"uv": [16, 0, 14.5, 4], "texture": "#1", "tintindex": 0},
				"up": {"uv": [16, 0, 14.5, 4], "texture": "#1", "tintindex": 0},
				"down": {"uv": [16, 0, 14.5, 4], "texture": "#1", "tintindex": 0}
			}
		},
		{
			"from": [8.81151, -1, 4.71882],
			"to": [14.81151, 15, 4.71882],
			"shade": false,
			"rotation": {"angle": 45, "axis": "y", "origin": [11.44134, 9, 5.03516]},
			"faces": {
				"north": {"uv": [16, 4.5, 14.5, 8.5], "texture": "#1", "tintindex": 0},
				"east": {"uv": [14.5, 4.5, 16, 8.5], "texture": "#1", "tintindex": 0},
				"south": {"uv": [14.5, 4.5, 16, 8.5], "texture": "#1", "tintindex": 0},
				"west": {"uv": [14.5, 4.5, 16, 8.5], "texture": "#1", "tintindex": 0},
				"up": {"uv": [14.5, 4.5, 16, 8.5], "texture": "#1", "tintindex": 0},
				"down": {"uv": [14.5, 4.5, 16, 8.5], "texture": "#1", "tintindex": 0}
			}
		},
		{
			"from": [8.75768, -1, 5.40533],
			"to": [14.75768, 15, 5.40533],
			"shade": false,
			"rotation": {"angle": -45, "axis": "y", "origin": [11.44134, 9, 5.03516]},
			"faces": {
				"north": {"uv": [16, 4.5, 14.5, 8.5], "texture": "#1", "tintindex": 0},
				"east": {"uv": [16, 4.5, 14.5, 8.5], "texture": "#1", "tintindex": 0},
				"south": {"uv": [14.5, 4.5, 16, 8.5], "texture": "#1", "tintindex": 0},
				"west": {"uv": [16, 4.5, 14.5, 8.5], "texture": "#1", "tintindex": 0},
				"up": {"uv": [16, 4.5, 14.5, 8.5], "texture": "#1", "tintindex": 0},
				"down": {"uv": [16, 4.5, 14.5, 8.5], "texture": "#1", "tintindex": 0}
			}
		},
		{
			"from": [7.625, -1, 11.585],
			"to": [7.625, 15, 17.585],
			"shade": false,
			"rotation": {"angle": -45, "axis": "y", "origin": [7.94134, 9, 14.21484]},
			"faces": {
				"north": {"uv": [14, 0, 12.5, 4], "texture": "#1", "tintindex": 0},
				"east": {"uv": [12.5, 0, 14, 4], "texture": "#1", "tintindex": 0},
				"south": {"uv": [14, 0, 12.5, 4], "texture": "#1", "tintindex": 0},
				"west": {"uv": [14, 0, 12.5, 4], "texture": "#1", "tintindex": 0},
				"up": {"uv": [14, 0, 12.5, 4], "texture": "#1", "tintindex": 0},
				"down": {"uv": [14, 0, 12.5, 4], "texture": "#1", "tintindex": 0}
			}
		},
		{
			"from": [8.31151, -1, 9.53118],
			"to": [8.31151, 15, 15.53118],
			"shade": false,
			"rotation": {"angle": 45, "axis": "y", "origin": [7.94134, 9, 12.21484]},
			"faces": {
				"north": {"uv": [14, 0, 12.5, 4], "texture": "#1", "tintindex": 0},
				"east": {"uv": [12.5, 0, 14, 4], "texture": "#1", "tintindex": 0},
				"south": {"uv": [14, 0, 12.5, 4], "texture": "#1", "tintindex": 0},
				"west": {"uv": [14, 0, 12.5, 4], "texture": "#1", "tintindex": 0},
				"up": {"uv": [14, 0, 12.5, 4], "texture": "#1", "tintindex": 0},
				"down": {"uv": [14, 0, 12.5, 4], "texture": "#1", "tintindex": 0}
			}
		}
	]
}