{
	"credit": "Made with Blockbench",
	"ambientocclusion": false,
	"texture_size": [64, 64],
	"textures": {
		"1": "block/grass_model",
		"particle": "block/grass_model"
	},
	"elements": [
		{
			"from": [-1.75, -1, 9.75],
			"to": [4.25, 14, 9.75],
			"shade": false,
			"rotation": {"angle": 22.5, "axis": "z", "origin": [1.75, 6.75, 10.25]},
			"faces": {
				"north": {"uv": [12.5, 4.5, 14, 8.25], "texture": "#1", "tintindex": 0},
				"east": {"uv": [12.5, 4.5, 14, 8.25], "texture": "#1", "tintindex": 0},
				"south": {"uv": [14, 4.5, 12.5, 8.25], "texture": "#1", "tintindex": 0},
				"west": {"uv": [12.5, 4.5, 14, 8.25], "texture": "#1", "tintindex": 0},
				"up": {"uv": [12.5, 4.5, 14, 8.25], "texture": "#1", "tintindex": 0},
				"down": {"uv": [12.5, 4.5, 14, 8.25], "texture": "#1", "tintindex": 0}
			}
		},
		{
			"from": [2.25, -1, 7.75],
			"to": [2.25, 15, 13.75],
			"shade": false,
			"rotation": {"angle": 22.5, "axis": "z", "origin": [1.75, 6.75, 10.25]},
			"faces": {
				"north": {"uv": [12.5, 4.5, 14, 8.5], "texture": "#1", "tintindex": 0},
				"east": {"uv": [14, 4.5, 12.5, 8.5], "texture": "#1", "tintindex": 0},
				"south": {"uv": [12.5, 4.5, 14, 8.5], "texture": "#1", "tintindex": 0},
				"west": {"uv": [12.5, 4.5, 14, 8.5], "texture": "#1", "tintindex": 0},
				"up": {"uv": [12.5, 4.5, 14, 8.5], "texture": "#1", "tintindex": 0},
				"down": {"uv": [12.5, 4.5, 14, 8.5], "texture": "#1", "tintindex": 0}
			}
		},
		{
			"from": [13, -2, 4],
			"to": [13, 14, 10],
			"shade": false,
			"rotation": {"angle": -22.5, "axis": "z", "origin": [13.5, 6, 6.5]},
			"faces": {
				"north": {"uv": [14.5, 0, 16, 4], "texture": "#1", "tintindex": 0},
				"east": {"uv": [16, 0, 14.5, 4], "texture": "#1", "tintindex": 0},
				"south": {"uv": [14.5, 0, 16, 4], "texture": "#1", "tintindex": 0},
				"west": {"uv": [14.5, 0, 16, 4], "texture": "#1", "tintindex": 0},
				"up": {"uv": [14.5, 0, 16, 4], "rotation": 90, "texture": "#1", "tintindex": 0},
				"down": {"uv": [14.5, 0, 16, 4], "rotation": 270, "texture": "#1", "tintindex": 0}
			}
		},
		{
			"from": [12, -2, 7],
			"to": [18, 14, 7],
			"shade": false,
			"rotation": {"angle": -22.5, "axis": "z", "origin": [14.5, 6, 7.5]},
			"faces": {
				"north": {"uv": [16, 0, 14.5, 4], "texture": "#1", "tintindex": 0},
				"east": {"uv": [14.5, 0, 16, 4], "texture": "#1", "tintindex": 0},
				"south": {"uv": [14.5, 0, 16, 4], "texture": "#1", "tintindex": 0},
				"west": {"uv": [14.5, 0, 16, 4], "texture": "#1", "tintindex": 0},
				"up": {"uv": [14.5, 0, 16, 4], "rotation": 90, "texture": "#1", "tintindex": 0},
				"down": {"uv": [14.5, 0, 16, 4], "rotation": 270, "texture": "#1", "tintindex": 0}
			}
		},
		{
			"from": [3, -0.25, 3],
			"to": [9, 15.75, 3],
			"shade": false,
			"rotation": {"angle": 0, "axis": "x", "origin": [6.5, 7.75, 2.5]},
			"faces": {
				"north": {"uv": [14.5, 0, 16, 4], "texture": "#1", "tintindex": 0},
				"east": {"uv": [16, 0, 14.5, 4], "texture": "#1", "tintindex": 0},
				"south": {"uv": [16, 0, 14.5, 4], "texture": "#1", "tintindex": 0},
				"west": {"uv": [16, 0, 14.5, 4], "texture": "#1", "tintindex": 0},
				"up": {"uv": [16, 0, 14.5, 4], "texture": "#1", "tintindex": 0},
				"down": {"uv": [16, 0, 14.5, 4], "texture": "#1", "tintindex": 0}
			}
		},
		{
			"from": [7, -0.25, -1],
			"to": [7, 15.75, 5],
			"shade": false,
			"rotation": {"angle": 0, "axis": "x", "origin": [6.5, 7.75, 2.5]},
			"faces": {
				"north": {"uv": [16, 0, 14.5, 4], "texture": "#1", "tintindex": 0},
				"east": {"uv": [14.5, 0, 16, 4], "texture": "#1", "tintindex": 0},
				"south": {"uv": [16, 0, 14.5, 4], "texture": "#1", "tintindex": 0},
				"west": {"uv": [16, 0, 14.5, 4], "texture": "#1", "tintindex": 0},
				"up": {"uv": [16, 0, 14.5, 4], "texture": "#1", "tintindex": 0},
				"down": {"uv": [16, 0, 14.5, 4], "texture": "#1", "tintindex": 0}
			}
		},
		{
			"from": [8.625, -1, 10.585],
			"to": [8.625, 15, 16.585],
			"shade": false,
			"rotation": {"angle": -45, "axis": "y", "origin": [8.94134, 9, 13.21484]},
			"faces": {
				"north": {"uv": [14, 0, 12.5, 4], "texture": "#1", "tintindex": 0},
				"east": {"uv": [12.5, 0, 14, 4], "texture": "#1", "tintindex": 0},
				"south": {"uv": [14, 0, 12.5, 4], "texture": "#1", "tintindex": 0},
				"west": {"uv": [14, 0, 12.5, 4], "texture": "#1", "tintindex": 0},
				"up": {"uv": [14, 0, 12.5, 4], "texture": "#1", "tintindex": 0},
				"down": {"uv": [14, 0, 12.5, 4], "texture": "#1", "tintindex": 0}
			}
		},
		{
			"from": [9.31151, -1, 10.53118],
			"to": [9.31151, 15, 16.53118],
			"shade": false,
			"rotation": {"angle": 45, "axis": "y", "origin": [8.94134, 9, 13.21484]},
			"faces": {
				"north": {"uv": [14, 0, 12.5, 4], "texture": "#1", "tintindex": 0},
				"east": {"uv": [12.5, 0, 14, 4], "texture": "#1", "tintindex": 0},
				"south": {"uv": [14, 0, 12.5, 4], "texture": "#1", "tintindex": 0},
				"west": {"uv": [14, 0, 12.5, 4], "texture": "#1", "tintindex": 0},
				"up": {"uv": [14, 0, 12.5, 4], "texture": "#1", "tintindex": 0},
				"down": {"uv": [14, 0, 12.5, 4], "texture": "#1", "tintindex": 0}
			}
		}
	]
}